Ticker,Name,Watchlist,Asset Class,Status,Chart Link,Chart Screenshot File,Chart Date/Time,Current Price,Weekly 7 EMA,Weekly 200 EMA,Support 1,Support 2,Support 3,Support 4,Support Notes,Resistance 1,Resistance 2,Resistance 3,Resistance 4,Resistance Notes,Fundamentals Rating,Fundamentals Rationale,Key Risks,Key Catalysts,Last Updated,Name/Source Notes
MSTZ,T-Rex 2X Inverse MSTR Daily Target ETF,Crypto,Crypto-linked,Queued,,,,,,,,,,,,,,,,,Pending,,,,,
MSTR,Strategy,Crypto,Crypto-linked,Queued,,,,,,,,,,,,,,,,,Pending,Fundamental note should separate operating software business context from bitcoin treasury exposure.,,,,bitcoin treasury; high beta
IREN,IREN Limited,Crypto,Crypto-linked,Published,https://share.trendspider.com/chart/IREN/124486p40l9x,assets/charts/IREN.png,2026-05-28 2:26 AM EDT,67.13,55.47,38.26,63.55,54.11,50.15,30.92,,73.33,79.38,,,,Moderate,"IREN has a clearer AI cloud growth path after announcing a large NVIDIA contract and expanded AI data center plans.; The business is still in transition from bitcoin mining toward AI cloud, so current financials can look uneven during the buildout.; Large power and data center assets are valuable, but execution depends on GPU deployment, financing, and customer ramp timing.; Bitcoin mining exposure keeps the stock high beta even as AI cloud becomes a larger part of the story.","High sensitivity to bitcoin price, mining economics, power costs, and crypto equity sentiment.; AI cloud expansion requires major capex, reliable GPU supply, and customer conversion from contracted capacity to billable revenue.; Financing needs, share issuance, or debt terms could pressure holders if growth requires more capital than expected.; Execution risk is elevated because the company is scaling a newer AI cloud business while managing legacy mining assets.","GPU deployment updates, AI cloud ARR progress, and customer contract announcements are the most important catalysts.; NVIDIA partnership details, financing progress, and data center capacity milestones could shift investor confidence.; Bitcoin price strength can still support mining economics and sentiment while the AI cloud ramp develops.; Quarterly updates on revenue mix, adjusted EBITDA, cash, and capex plans will be key for judging the transition.",2026-05-28,bitcoin infrastructure; high beta
CRCL,Circle Internet Group,Crypto,Crypto-linked,Queued,,,,,,,,,,,,,,,,,Pending,,,,,
BMNR,BitMine Immersion Technologies,Crypto,Crypto-linked,Queued,,,,,,,,,,,,,,,,,Pending,,,,,
MSFT,Microsoft,Stocks,Stocks,Queued,,,,,,,,,,,,,,,,,Pending,,,,,
SOXX,iShares Semiconductor ETF,Stocks,Stocks,Queued,,,,,,,,,,,,,,,,,Pending,,,,,
BABA,Alibaba Group,Stocks,Stocks,Queued,,,,,,,,,,,,,,,,,Pending,,,,,
NFLX,Netflix,Stocks,Stocks,Queued,,,,,,,,,,,,,,,,,Pending,,,,,
AUR,Aurora Innovation,Stocks,Stocks,Queued,,,,,,,,,,,,,,,,,Pending,,,,,
AMD,Advanced Micro Devices,Stocks,Stocks,Published,https://share.trendspider.com/chart/AMD/124486p53aid,assets/charts/AMD.png,2026-05-28 2:56 AM EDT,490.50,409.57,187.14,465.79,401.89,,,,500.00,530.00,550.00,,,Very Strong,"AMD is now driven primarily by data center growth, with Q1 2026 revenue up sharply year over year and Data Center revenue up 57%.; EPYC CPUs and AMD Instinct GPU shipments are benefiting from AI infrastructure demand across cloud, enterprise, and hyperscale customers.; The company generated strong non-GAAP earnings and record quarterly free cash flow, with cash and short-term investments well above total debt.; Fundamentals are very strong because AMD combines AI accelerator upside, server CPU share gains, and improving profitability.","AI accelerator competition remains intense, especially versus NVIDIA and custom silicon programs from hyperscale customers.; Supply constraints, packaging capacity, HBM availability, and execution on MI450/Helios ramps can affect revenue timing.; Export controls, tariffs, and China-related restrictions can pressure data center GPU revenue and customer mix.; Client, gaming, and embedded demand remain cyclical, so weakness outside data center can still affect consolidated growth.","Earnings, data center revenue growth, and MI350/MI450 shipment commentary are the key catalysts.; Large AI customer deployments, including Meta-related Instinct GPU plans, can improve visibility into 2026 and 2027 demand.; EPYC server share gains, cloud instance launches, and enterprise AI adoption can support revenue diversification.; Guidance for gross margin, free cash flow, and data center supply scaling will influence how the market values the AI ramp.",2026-05-28,
DPRO,Draganfly,Stocks,Stocks,Queued,,,,,,,,,,,,,,,,,Pending,,,,,
SPCE,Virgin Galactic,Stocks,Stocks,Published,https://share.trendspider.com/chart/SPCE/124486p42mfu,assets/charts/SPCE.png,2026-05-28 2:27 AM EDT,3.77,3.10,14.43,2.32,,,,,4.05,4.50,6.66,,,Very Weak,"Virgin Galactic remains a pre-revenue commercial spaceflight turnaround with very limited current revenue.; Cash burn is improving, but the business still depends on completing vehicle testing and restarting commercial operations.; The balance sheet gives some runway, yet future funding or dilution risk remains meaningful if timelines slip.; Fundamentals are very weak until recurring commercial flights, revenue, and unit economics become visible.","Flight-test delays, certification issues, or vehicle development problems could push revenue timing further out.; Cash burn and capital needs can lead to dilution through equity offerings or debt conversions.; Demand for premium space tourism is unproven at scale and may be sensitive to economic conditions.; Operational or safety setbacks would be material for both fundamentals and market confidence.","Delta-class ground testing, flight-test timing, and first commercial spaceflight updates are the main catalysts.; Cash burn, liquidity, and debt reduction updates can change how investors view runway risk.; Ticket sales, backlog quality, and pricing updates would help define the revenue opportunity.; Any credible milestone that shortens the path to recurring flights could improve sentiment.",2026-05-28,
INTC,Intel,Stocks,Stocks,Published,https://share.trendspider.com/chart/INTC/124486p48qdt,assets/charts/INTC.png,2026-05-28 2:32 AM EDT,119.70,103.88,39.67,98.28,89.87,75.95,67.80,Additional support: $51.26; $38.39,120.30,133.91,,,,Moderate,"Intel has a large CPU franchise and Q1 2026 showed better revenue growth, stronger non-GAAP profitability, and AI-related demand.; The turnaround still depends on manufacturing execution, foundry customer wins, and disciplined cost control.; Foundry and advanced process investments remain expensive, and GAAP profitability is still pressured by restructuring and buildout costs.; Fundamentals are improving, but the risk profile is higher than cleaner AI semiconductor leaders.","Foundry execution, process-node delays, and customer adoption are still major swing factors.; Heavy capital intensity, restructuring costs, and margin pressure can limit free cash flow during the turnaround.; Competition from AMD, NVIDIA, ARM-based designs, and external foundries remains intense.; Government funding, tariffs, export controls, and supply-chain constraints can affect timing and profitability.","Earnings, gross margin progress, and Q2 guidance will matter for confirming the recovery.; AI PC, Xeon, packaging, and foundry design-win updates can support the turnaround story.; 18A, 14A, and advanced packaging milestones are key operational catalysts.; Strategic partnerships and external foundry customer announcements could improve confidence in long-term value.",2026-05-28,
WIX,Wix.com,Stocks,Stocks,Queued,,,,,,,,,,,,,,,,,Pending,,,,,
TSLA,Tesla,Stocks,Stocks,Queued,,,,,,,,,,,,,,,,,Pending,,,,,
MRVL,Marvell Technology,Stocks,Stocks,Published,https://share.trendspider.com/chart/MRVL/124486p4ff6t,assets/charts/MRVL.png,2026-05-28 2:37 AM EDT,195.94,171.86,83.30,165.34,152.20,,,,200.00,221.02,,,,Strong,"Marvell has strong AI data infrastructure exposure through optics, switching, interconnect, and custom silicon.; Recent results showed record annual revenue, stronger data center demand, and meaningful AI-related bookings momentum.; Management commentary has pointed to continued growth from custom silicon, optics, and data center infrastructure demand.; Fundamentals are strong, but valuation, acquisition integration, and AI spending concentration keep the rating below Very Strong.","AI infrastructure demand could normalize if hyperscaler capex slows or customer programs shift.; Custom silicon and optical programs depend on execution, customer concentration, and product timing.; Acquisition integration and higher operating expenses can affect margins if growth does not scale as expected.; Semiconductor cyclicality, supply constraints, and export controls remain ongoing risks.","Earnings, data center revenue, and AI-related bookings are the most important catalysts.; 800G and 1.6T optics, Ethernet switching, interconnect, and custom XPU program updates can support the growth case.; Guidance revisions for fiscal 2027 and fiscal 2028 will likely drive sentiment.; Updates on Celestial AI and XConn integration could influence confidence in Marvell's AI platform strategy.",2026-05-28,
MU,Micron Technology,Stocks,Stocks,Published,https://share.trendspider.com/chart/MU/124486p49k3i,assets/charts/MU.png,2026-05-28 2:33 AM EDT,917.07,698.84,187.70,762.14,696.49,655.88,590.24,,934.04,1040.29,,,,Very Strong,"Micron is benefiting from a very strong memory cycle driven by AI servers, HBM, data center demand, and tighter supply.; Recent results showed record revenue, very high gross margins, strong earnings, and substantial adjusted free cash flow.; Cloud memory and core data center growth provide stronger mix quality than a normal commodity memory upcycle.; Fundamentals are very strong, though memory remains cyclical and capital intensive.","Memory pricing can reverse quickly if supply expands too fast or AI/server demand slows.; High capex requirements can pressure free cash flow if the cycle turns or utilization weakens.; Customer concentration, export controls, and China exposure can affect demand and margins.; The stock may react sharply to HBM share, pricing, and supply-demand commentary.","Earnings, forward guidance, HBM demand, and data center revenue mix are the primary catalysts.; Sustained pricing strength in DRAM and NAND can support margins and cash flow.; HBM capacity expansion, customer qualifications, and AI platform ramps can extend the cycle.; Capital allocation updates, dividend policy, and capex discipline may influence valuation.",2026-05-28,
CEG,Constellation Energy,Stocks,Stocks,Queued,,,,,,,,,,,,,,,,,Pending,,,,,
NBIS,Nebius Group,Stocks,Stocks,Queued,,,,,,,,,,,,,,,,,Pending,,,,,
NVO,Novo Nordisk,Stocks,Stocks,Queued,,,,,,,,,,,,,,,,,Pending,,,,,
POET,POET Technologies,Stocks,Stocks,Queued,,,,,,,,,,,,,,,,,Pending,,,,,
PCOR,Procore Technologies,Stocks,Stocks,Queued,,,,,,,,,,,,,,,,,Pending,,,,,
PARR,Par Pacific,Stocks,Stocks,Queued,,,,,,,,,,,,,,,,,Pending,,,,,
HASI,HA Sustainable Infrastructure Capital,Stocks,Stocks,Queued,,,,,,,,,,,,,,,,,Pending,,,,,
HOOD,Robinhood Markets,Stocks,Stocks,Queued,,,,,,,,,,,,,,,,,Pending,Keep in stocks unless the Discord mention is specifically about crypto business exposure.,,,,brokerage; crypto exposure
O,Realty Income,Stocks,Stocks,Queued,,,,,,,,,,,,,,,,,Pending,,,,,
SPHD,Invesco S&P 500 High Dividend Low Volatility ETF,Stocks,Stocks,Queued,,,,,,,,,,,,,,,,,Pending,,,,,
SCHD,Schwab U.S. Dividend Equity ETF,Stocks,Stocks,Queued,,,,,,,,,,,,,,,,,Pending,,,,,
LAR,LAR,Stocks,Stocks,Queued,,,,,,,,,,,,,,,,,Pending,,,,,Name needs verification
LAC,Lithium Americas,Stocks,Stocks,Queued,,,,,,,,,,,,,,,,,Pending,,,,,
SNAP,Snapchat,Stocks,Stocks,Queued,,,,,,,,,,,,,,,,,Pending,,,,,
HD,Home Depot,Stocks,Stocks,Queued,,,,,,,,,,,,,,,,,Pending,,,,,
RCAT,Red Cat Holdings,Stocks,Stocks,Queued,,,,,,,,,,,,,,,,,Pending,,,,,
NU,Nu Holdings,Stocks,Stocks,Queued,,,,,,,,,,,,,,,,,Pending,Keep in stocks unless the Discord mention is specifically about crypto business exposure.,,,,fintech
SPYI,NEOS S&P 500 High Income ETF,Stocks,Stocks,Queued,,,,,,,,,,,,,,,,,Pending,,,,,
QQQI,NEOS Nasdaq-100 High Income ETF,Stocks,Stocks,Queued,,,,,,,,,,,,,,,,,Pending,,,,,
IWMI,NEOS Russell 2000 High Income ETF,Stocks,Stocks,Queued,,,,,,,,,,,,,,,,,Pending,,,,,
DJIA,Global X Dow 30 Covered Call ETF,Stocks,Stocks,Queued,,,,,,,,,,,,,,,,,Pending,,,,,
IAUI,iShares Gold Strategy ETF,Stocks,Stocks,Queued,,,,,,,,,,,,,,,,,Pending,,,,,
GLDI,Gold Shares Covered Call ETN,Stocks,Stocks,Queued,,,,,,,,,,,,,,,,,Pending,,,,,
LGI,Lazard Global Total Return and Income Fund,Stocks,Stocks,Queued,,,,,,,,,,,,,,,,,Pending,,,,,
XLEI,NEOS Energy High Income ETF,Stocks,Stocks,Queued,,,,,,,,,,,,,,,,,Pending,,,,,
AGNC,AGNC Investment,Stocks,Stocks,Queued,,,,,,,,,,,,,,,,,Pending,,,,,
GOLD,Barrick Mining,Stocks,Stocks,Queued,,,,,,,,,,,,,,,,,Pending,,,,,
SLV,iShares Silver Trust,Stocks,Stocks,Queued,,,,,,,,,,,,,,,,,Pending,,,,,
PFE,Pfizer,Stocks,Stocks,Published,https://share.trendspider.com/chart/PFE/124486qeli4c,assets/charts/PFE.png,2026-05-29 12:10 AM EDT,26.29,26.20,30.11,26.19,21.13,,,,31.40,43.18,51.88,,,Moderate,"Pfizer remains a large global biopharma company with diversified products, a dividend, and meaningful oncology and vaccine exposure.; Q1 2026 revenue improved year over year, but COVID product declines and patent-loss exposure still weigh on the broader growth story.; Launched and acquired products, including Seagen-related oncology assets, are important offsets to legacy revenue pressure.; Fundamentals are moderate because Pfizer has scale and cash flow, but the market still needs clearer evidence of durable post-COVID growth.","COVID product revenue declines, patent expirations, and payer pressure can limit top-line growth.; Debt reduction, dividend support, and pipeline investment compete for capital after major acquisitions.; Clinical, regulatory, and commercial execution risk remains elevated across oncology, vaccines, obesity, and immunology programs.; A break below $26.19 would weaken the technical setup and put the $21.13 support level back in focus.","Earnings, full-year guidance updates, and progress toward de-levering are important financial catalysts.; Oncology updates from Padcev, Elrexfio, Talzenna, and Seagen-related assets can influence the pipeline story.; Vaccine updates, including pneumococcal and respiratory programs, can shift sentiment around the non-COVID portfolio.; A sustained move back above the weekly 200 EMA near $30.11 would improve the technical setup toward $31.40 resistance.",2026-05-28,"Recent Updates: PFE Update - Weekly; Price ~$26.29; Bias neutral short-term while PFE holds $26.19, but bigger trend remains under pressure below $30.11-$31.40 resistance"
SONO,Sonos,Stocks,Stocks,Queued,,,,,,,,,,,,,,,,,Pending,,,,,
MPT,Medical Properties Trust,Stocks,Stocks,Queued,,,,,,,,,,,,,,,,,Pending,,,,,
XOM,Exxon Mobil,Stocks,Stocks,Queued,,,,,,,,,,,,,,,,,Pending,,,,,
CLF,Cleveland-Cliffs,Stocks,Stocks,Queued,,,,,,,,,,,,,,,,,Pending,,,,,
PDD,PDD Holdings,Stocks,Stocks,Queued,,,,,,,,,,,,,,,,,Pending,,,,,
ASAN,Asana,Stocks,Stocks,Queued,,,,,,,,,,,,,,,,,Pending,,,,,
BMR,Beamr Imaging,Stocks,Stocks,Queued,,,,,,,,,,,,,,,,,Pending,,,,,
MGNX,MacroGenics,Stocks,Stocks,Queued,,,,,,,,,,,,,,,,,Pending,,,,,
PYPL,PayPal,Stocks,Stocks,Queued,,,,,,,,,,,,,,,,,Pending,Keep in stocks unless the Discord mention is specifically about crypto business exposure.,,,,payments; crypto exposure
HOLO,MicroCloud Hologram,Stocks,Stocks,Queued,,,,,,,,,,,,,,,,,Pending,,,,,
OSUR,OraSure Technologies,Stocks,Stocks,Queued,,,,,,,,,,,,,,,,,Pending,,,,,
QXO,QXO,Stocks,Stocks,Queued,,,,,,,,,,,,,,,,,Pending,,,,,
BTG,B2Gold,Stocks,Stocks,Queued,,,,,,,,,,,,,,,,,Pending,"Keep in stocks as B2Gold. Add production, gold-price sensitivity, and jurisdiction notes after review.",,,,gold miner
SOFI,SoFi Technologies,Stocks,Stocks,Queued,,,,,,,,,,,,,,,,,Pending,Keep in stocks unless the Discord mention is specifically about crypto business exposure.,,,,fintech
GME,GameStop,Stocks,Stocks,Queued,,,,,,,,,,,,,,,,,Pending,,,,,
NVAX,Novavax,Stocks,Stocks,Published,https://share.trendspider.com/chart/NVAX/124486qbrfn5,assets/charts/NVAX.png,2026-05-28 10:50 PM EDT,10.32,9.32,7.17,9.98,9.84,5.76,3.64,,10.31,15.12,17.47,23.86,,Weak,"Novavax is a vaccine and adjuvant platform turnaround with meaningful partner optionality through Sanofi, Pfizer, and Matrix-M licensing.; Q1 2026 results showed a stronger cash position, but revenue remains highly dependent on partner activity, milestone timing, and COVID vaccine demand.; The company has reduced costs and shifted toward partnership-driven economics, but the revenue base is still less predictable than larger vaccine peers.; Fundamentals remain weak until recurring revenue, partner royalties, and pipeline economics become more durable.","COVID vaccine demand, variant-selection decisions, and regulatory timing can materially affect revenue.; Partner forecasts, milestone timing, and Sanofi/Pfizer execution are major drivers outside Novavax's direct control.; Clinical, manufacturing, and regulatory delays could pressure the Matrix-M and vaccine pipeline story.; The stock can remain highly volatile because the business is still turnaround-oriented and milestone-sensitive.","Sanofi partnership progress, Matrix-M licensing updates, and Pfizer-related milestones are the main business catalysts.; Seasonal COVID vaccine recommendations, strain-selection updates, and commercial demand can affect near-term sentiment.; Pipeline updates involving Matrix-M, C. difficile, and additional pharmaceutical partner evaluations could improve the long-term story.; Cash, expense guidance, royalty visibility, and partner revenue commentary will matter in future earnings updates.",2026-05-28,"Recent Updates: NVAX Update - Daily; Price ~$10.32; Bias neutral to bullish short-term if NVAX holds above the EMA cloud and confirms the $10.31 breakout"
RUM,Rumble,Stocks,Stocks,Queued,,,,,,,,,,,,,,,,,Pending,,,,,
RDDT,Reddit,Stocks,Stocks,Queued,,,,,,,,,,,,,,,,,Pending,,,,,
UPST,Upstart,Stocks,Stocks,Queued,,,,,,,,,,,,,,,,,Pending,,,,,
SOUN,SoundHound AI,Stocks,Stocks,Queued,,,,,,,,,,,,,,,,,Pending,,,,,
META,Meta Platforms,Stocks,Stocks,Published,https://share.trendspider.com/chart/META/124486p3672w,assets/charts/META.png,2026-05-28 2:02 AM EDT,631.99,623.53,579.07,584.19,,,,,640.01,683.62,743.38,,,Very Strong,"Large profitable advertising platform with durable app reach across Facebook, Instagram, Messenger, and WhatsApp.; Strong cash generation gives Meta room to fund AI infrastructure while still supporting buybacks and strategic investment.; Ad targeting, Reels monetization, and AI-driven ranking remain important drivers for the core Family of Apps business.; Reality Labs remains a drag, but the core business is strong enough to absorb long-duration product bets.","AI infrastructure spending could pressure margins if revenue growth does not keep pace with capex and operating expense growth.; Regulatory and privacy pressure remain persistent risks, especially around data usage, advertising, and platform rules.; Advertising demand is cyclical, so a weaker consumer or business spending backdrop could pressure revenue growth.; Reality Labs losses and metaverse investment can weigh on sentiment if investors question the payoff timeline.","Quarterly earnings, guidance, and management commentary on AI capex are likely to remain major stock catalysts.; Improvement in AI ad tools, recommendation systems, and Reels monetization could support stronger advertising efficiency.; WhatsApp monetization, business messaging, and new AI assistant/product integrations can add incremental growth optionality.; Capital return updates, cost discipline, and margin commentary may influence how investors value the core business.",2026-05-28,
PLTR,Palantir,Stocks,Stocks,Queued,,,,,,,,,,,,,,,,,Pending,,,,,
QQQ,Invesco QQQ Trust,Stocks,Stocks,Published,https://share.trendspider.com/chart/QQQ/124486puxzrv,assets/charts/QQQ.png,2026-05-28 2:59 PM EDT,735.53,694.02,518.46,722.84,719.90,706.57,678.88,,745.98,796.19,,,,Strong,"QQQ is a diversified Nasdaq-100 ETF with heavy exposure to large profitable technology and communication services leaders.; The strongest holdings have durable cash flow, AI and cloud exposure, and strong balance sheets.; Fundamentals are strong at the index level, but concentration in mega-cap growth stocks keeps valuation and positioning risk elevated.; Because QQQ is an ETF, the rating reflects the quality, earnings power, and concentration risk of the underlying holdings rather than a single company.","Mega-cap technology concentration can increase downside if AI, cloud, or semiconductor leadership weakens.; Higher rates or valuation compression can pressure long-duration growth stocks even when company fundamentals remain strong.; Index performance depends heavily on a small group of large constituents, so narrow leadership can create sharper reversals.; A break below the $719.90-$722.84 support area would weaken the short-term setup and could invite a deeper pullback.","Mega-cap earnings, AI infrastructure spending updates, and cloud demand commentary are the main fundamental catalysts.; Semiconductor strength, software guidance, and large platform capex plans can influence Nasdaq-100 sentiment.; Macro data, Treasury yields, and Fed-rate expectations remain important for growth-stock multiples.; A sustained move through $745.98 would keep the next major resistance zone at $796.19 in focus.",2026-05-28,"Recent Updates: QQQ Update - Daily; Price ~$735.53; Bias bullish short-term above $719.90-$722.84, cautious into $745.98 resistance"
SPY,SPDR S&P 500 ETF Trust,Stocks,Stocks,Published,https://share.trendspider.com/chart/SPY/124486pw8nyg,assets/charts/SPY.png,2026-05-28 3:36 PM EDT,754.99,730.02,586.66,735.97,,,,,760.52,795.47,839.98,,,Strong,"SPY is a diversified S&P 500 ETF with exposure to large U.S. companies across technology, financials, healthcare, consumer, industrial, and communication services.; The index has broad earnings power and better sector diversification than single-stock or narrow thematic exposure.; Mega-cap technology remains an important driver, so concentration risk still matters even though SPY is broader than QQQ.; Fundamentals are strong at the index level, but valuation, rates, and narrow leadership can still create pullback risk.","Valuation compression can pressure the index if rates rise or earnings expectations cool.; Mega-cap technology concentration can still drive outsized index moves despite broad S&P 500 diversification.; Macro data, Fed-rate expectations, credit stress, or weaker labor data can quickly shift risk appetite.; A break below $735.97 would weaken the short-term setup and could open the door to a deeper pullback.","S&P 500 earnings revisions, macro data, inflation prints, and Fed-rate expectations remain the biggest catalysts.; Mega-cap technology, AI infrastructure spending, and large platform earnings can influence index direction.; Treasury yields, credit spreads, and dollar trends can affect valuation multiples.; A sustained move through $760.52 would keep $795.47 and $839.98 in focus as higher resistance levels.",2026-05-28,"Recent Updates: SPY Update - Daily; Price ~$754.99; Bias bullish while SPY holds above $735.97, cautious into $760.52 resistance"
NVDA,NVIDIA,Stocks,Stocks,Queued,,,,,,,,,,,,,,,,,Pending,,,,,
SOX,PHLX Semiconductor Index,Stocks,Stocks,Queued,,,,,,,,,,,,,,,,,Pending,,,,,
VIX,Cboe Volatility Index,Stocks,Stocks,Queued,,,,,,,,,,,,,,,,,Pending,,,,,
NOW,ServiceNow,Stocks,Stocks,Queued,,,,,,,,,,,,,,,,,Pending,,,,,
ORCL,Oracle,Stocks,Stocks,Published,https://share.trendspider.com/chart/ORCL/124486p3wrpt,assets/charts/ORCL.png,2026-05-28 2:23 AM EDT,190.96,182.89,152.82,127.97,,,,,198.60,257.97,322.53,,,Strong,"Large profitable enterprise software and cloud platform with durable database, applications, and infrastructure demand.; Recent results showed strong cloud growth, led by Oracle Cloud Infrastructure and AI-related demand.; Remaining performance obligations are very large, giving Oracle strong forward revenue visibility if capacity is delivered on schedule.; The fundamentals are strong, but the rating stops short of Very Strong because AI cloud expansion requires heavy capital spending and execution.","Large AI infrastructure commitments require major data center capacity, GPU supply, and disciplined capital allocation.; Debt, interest expense, and high capex can pressure free cash flow if cloud revenue conversion is slower than expected.; Competition from hyperscale cloud providers remains intense across infrastructure, database, and enterprise applications.; The stock can be sensitive to RPO quality, cloud margin commentary, and whether AI demand turns into profitable revenue.","Earnings updates, cloud revenue growth, and OCI demand commentary should remain the main catalysts.; Progress converting AI cloud backlog into recognized revenue could support confidence in the growth story.; Large customer wins, multicloud database traction, and capacity expansion updates can improve investor sentiment.; Guidance for FY2027 revenue, capex, and margins will be important for how the market values the AI cloud buildout.",2026-05-28,
ASML,ASML Holding,Stocks,Stocks,Queued,,,,,,,,,,,,,,,,,Pending,,,,,
NUKZ,Range Nuclear Renaissance Index ETF,Stocks,Stocks,Queued,,,,,,,,,,,,,,,,,Pending,,,,,
ADBE,Adobe,Stocks,Stocks,Queued,,,,,,,,,,,,,,,,,Pending,,,,,
TSM,Taiwan Semiconductor Manufacturing,Stocks,Stocks,Queued,,,,,,,,,,,,,,,,,Pending,,,,,
AIPO,AIPO,Stocks,Stocks,Queued,,,,,,,,,,,,,,,,,Pending,,,,,Name needs verification
AAOI,Applied Optoelectronics,Stocks,Stocks,Queued,,,,,,,,,,,,,,,,,Pending,,,,,
SPGI,S&P Global,Stocks,Stocks,Queued,,,,,,,,,,,,,,,,,Pending,,,,,
ASTS,AST SpaceMobile,Stocks,Stocks,Queued,,,,,,,,,,,,,,,,,Pending,,,,,
AMC,AMC Entertainment Holdings,Stocks,Stocks,Published,https://share.trendspider.com/chart/AMC/124486p34ww6,assets/charts/AMC.png,2026-05-28 2:01 AM EDT,1.59,1.47,3.20,1.24,0.93,,,,1.95,2.37,,,,Weak,"The theatrical recovery helps revenue, but AMC still carries a highly leveraged capital structure.; Operating performance remains sensitive to box office quality, release schedules, and consumer discretionary spending.; Debt service, lease obligations, and refinancing needs limit financial flexibility compared with stronger balance sheets.; Recent improvement is encouraging, but sustained profitability and positive free cash flow need to become more consistent.","High debt load and refinancing risk remain central issues for the equity.; Share dilution risk can resurface if the company needs additional capital.; Box office volatility and weak release slates can pressure attendance, concessions, and operating leverage.; Meme-stock sentiment can create sharp price swings that are disconnected from fundamentals.","Stronger box office releases and higher attendance can improve revenue and investor sentiment.; Debt reduction, refinancing progress, or lower interest expense would be meaningful balance sheet catalysts.; Improved concession sales, premium formats, and theater-level margins could support cash flow.; Earnings updates, liquidity commentary, and management guidance remain important event catalysts.",2026-05-28,
